<?xml version="1.0" encoding="UTF-8"?>
<project-private xmlns="http://www.netbeans.org/ns/project-private/1">
    <editor-bookmarks xmlns="http://www.netbeans.org/ns/editor-bookmarks/2" lastBookmarkId="0"/>
    <open-files xmlns="http://www.netbeans.org/ns/projectui-open-files/2">
        <group>
            <file>file:/D:/Study/PRJ/Assignment/web/billdetail.jsp</file>
            <file>file:/D:/Study/PRJ/Assignment/src/java/controller/ChangePassServlet.java</file>
            <file>file:/D:/Study/PRJ/Assignment/src/java/controller/ProcessServlet.java</file>
            <file>file:/D:/Study/PRJ/Assignment/web/account.jsp</file>
            <file>file:/D:/Study/PRJ/Assignment/web/changepass.jsp</file>
            <file>file:/D:/Study/PRJ/Assignment/src/java/model/cart.java</file>
            <file>file:/D:/Study/PRJ/Assignment/src/java/controller/OrderServlet.java</file>
            <file>file:/D:/Study/PRJ/Assignment/web/managemenu.jsp</file>
            <file>file:/D:/Study/PRJ/Assignment/src/java/controller/LoginServlet.java</file>
            <file>file:/D:/Study/PRJ/Assignment/web/edit.jsp</file>
            <file>file:/D:/Study/PRJ/Assignment/web/signup.jsp</file>
            <file>file:/D:/Study/PRJ/Assignment/web/update.jsp</file>
            <file>file:/D:/Study/PRJ/Assignment/src/java/dal/billDAO.java</file>
            <file>file:/D:/Study/PRJ/Assignment/web/checkout.jsp</file>
            <file>file:/D:/Study/PRJ/Assignment/src/java/controller/CheckOutServlet.java</file>
        </group>
    </open-files>
</project-private>
